ID,Name,Age,Email,Country
1,John Doe,28,johndoe@example.com,USA
2,Jane Smith,34,janesmith@example.com,Canada
3,Bob Johnson,45,bobjohnson@example.com,UK
4,Alice Brown,29,alicebrown@example.com,Australia
5,Charlie Davis,22,charliedavis@example.com,Germany
6,Eva Green,31,evagreen@example.com,France
7,Mike Wilson,40,mikewilson@example.com,Italy
8,Sarah White,27,sarahwhite@example.com,Spain
9,Tom Harris,36,tomharris@example.com,Brazil
10,Linda Clark,33,lindaclark@example.com,Netherlands
11,James Lewis,50,jameslewis@example.com,Ireland
12,Karen Walker,41,karenwalker@example.com,Norway
13,Chris Hall,24,chrishall@example.com,Sweden
14,Nancy Young,38,nancyyoung@example.com,Denmark
15,Brian King,26,brianking@example.com,Belgium
16,Diana Scott,32,dianascott@example.com,Switzerland
17,Ryan Adams,29,ryanadams@example.com,Austria
18,Lisa Baker,37,lisabaker@example.com,Greece
19,Gary Turner,43,garyturner@example.com,Finnland
20,Mary Hill,30,maryhill@example.com,Iceland