4,Alice Brown,29,alicebrown@example.com,Australia
3,Bob Johnson,45,bobjohnson@example.com,UK
15,Brian King,26,brianking@example.com,Belgium
5,Charlie Davis,22,charliedavis@example.com,Germany
13,Chris Hall,24,chrishall@example.com,Sweden
16,Diana Scott,32,dianascott@example.com,Switzerland
6,Eva Green,31,evagreen@example.com,France
19,Gary Turner,43,garyturner@example.com,Finnland
11,James Lewis,50,jameslewis@example.com,Ireland
2,Jane Smith,34,janesmith@example.com,Canada
1,John Doe,28,johndoe@example.com,USA
12,Karen Walker,41,karenwalker@example.com,Norway
10,Linda Clark,33,lindaclark@example.com,Netherlands
18,Lisa Baker,37,lisabaker@example.com,Greece
20,Mary Hill,30,maryhill@example.com,Iceland
7,Mike Wilson,40,mikewilson@example.com,Italy
ID,Name,Age,Email,Country
14,Nancy Young,38,nancyyoung@example.com,Denmark
17,Ryan Adams,29,ryanadams@example.com,Austria
8,Sarah White,27,sarahwhite@example.com,Spain
9,Tom Harris,36,tomharris@example.com,Brazil
